Model,Accuracy,Precision,Recall,F1-Score
Random Forest,0.7475247524752475,0.7485209686017146,0.7475247524752475,0.7265701769760454
SVM,0.7178217821782178,0.685124541509841,0.7178217821782178,0.6918520898834117
