Kelas,precision,recall,f1-score,support
negatif,0.6931818181818182,0.8472222222222222,0.7625,72.0
netral,0.7272727272727273,0.25,0.37209302325581395,32.0
positif,0.7961165048543689,0.8367346938775511,0.8159203980099502,98.0
