Kelas,precision,recall,f1-score,support
negatif,0.7714285714285715,0.75,0.7605633802816901,72.0
netral,0.35714285714285715,0.15625,0.21739130434782608,32.0
positif,0.7288135593220338,0.8775510204081632,0.7962962962962963,98.0
