Term,Score
tidak,0.05719388176962089
pilih,0.042957426461985526
kalau,0.026998092535335153
pemilu,0.026789455098259057
enggak,0.026609999250517
suara,0.023669190763866317
kalo,0.022882580586212186
orang,0.02206230036671486
mau,0.019577436203801504
dukung,0.017468277423646355
